Order_ID,Order_Date,Customer_ID,Customer_Name,Region,City,Category,Sub_Category,Product_Name,Quantity,Price,Discount,Payment_Mode,Shipping_Cost,Profit
1001,2025-01-27,17,Priya,North,Mumbai,Electronics,Laptop,Study Table,3,21474,0,NetBanking,409,10899.45
1002,2024-04-06,106,Neha,West,Bangalore,Furniture,Sofa,Story Book,2,49855,15,NetBanking,142,12549.36
1003,2024-07-28,124,Priya,North,Chennai,Clothing,Jacket,Story Book,5,15041,5,Card,659,12071.86
1004,2024-01-06,185,Ankit,West,Kolkata,Books,Study,Jeans Pant,4,3326,10,COD,193,2547.89
1005,2024-03-04,80,Ravi,West,Jaipur,Clothing,Tshirt,Office Chair,3,57042,20,COD,414,34213.76
1006,2024-06-27,98,Ravi,North,Delhi,Electronics,Mobile,iPhone,1,41184,20,UPI,459,3764.95
1007,2024-11-19,172,Suman,East,Chennai,Furniture,Chair,Polo Tshirt,4,59027,0,UPI,204,27405.45
1008,2024-04-10,115,Neha,West,Delhi,Books,Comics,iPhone,5,8685,10,Card,121,3447.81
1009,2024-06-21,80,Kiran,North,Jaipur,Books,Magazine,Story Book,1,57757,5,UPI,517,8444.88
1010,2025-05-06,29,Ravi,North,Chennai,Grocery,Rice,Wooden Bed,5,38213,0,Card,563,37358.23
1011,2024-10-22,64,Rohit,South,Bangalore,Clothing,Tshirt,Wooden Bed,1,59122,10,NetBanking,375,7620.45
1012,2024-09-28,22,Priya,West,Kolkata,Grocery,Fruits,Wooden Bed,2,32094,5,NetBanking,509,6704.75
1013,2024-04-03,176,Priya,East,Jaipur,Grocery,Oil,Office Chair,1,20685,15,UPI,290,3031.57
1014,2025-04-07,27,Pooja,South,Jaipur,Clothing,Jeans,Dell Laptop,1,65254,5,NetBanking,52,7896.18
1015,2024-08-21,156,Amit,South,Mumbai,Books,Magazine,Study Table,2,61195,15,NetBanking,596,22663.95
1016,2024-09-06,105,Pooja,East,Kolkata,Grocery,Fruits,Story Book,4,14027,0,UPI,693,7700.71
1017,2024-05-16,11,Nisha,South,Bangalore,Clothing,Shirt,Story Book,5,36829,0,NetBanking,631,14927.73
1018,2025-02-07,95,Amit,East,Delhi,Clothing,Shirt,Polo Tshirt,5,12034,10,Card,368,9997.14
1019,2024-05-13,1,Rahul,East,Mumbai,Grocery,Oil,Dell Laptop,3,49927,5,Card,171,15490.88
1020,2025-01-15,26,Neha,West,Pune,Clothing,Jacket,Jeans Pant,2,65501,15,Card,316,10317.57
1021,2024-08-26,136,Priya,North,Kolkata,Grocery,Oil,Wooden Bed,5,5577,15,NetBanking,670,4403.58
1022,2024-08-14,71,Suman,East,Delhi,Clothing,Jeans,Study Table,5,24214,20,NetBanking,331,9123.73
1023,2024-07-06,199,Neha,East,Jaipur,Clothing,Jacket,Office Chair,4,6480,10,COD,170,2385.78
1024,2024-03-20,42,Suman,East,Jaipur,Furniture,Chair,Wooden Bed,5,57196,5,Card,123,61658.18
1025,2024-06-11,77,Amit,West,Pune,Books,Magazine,Office Chair,1,69656,10,COD,538,15576.66
1026,2024-05-02,74,Suman,North,Kolkata,Electronics,TV,Office Chair,3,48093,20,COD,682,24326.51
1027,2024-03-01,103,Ankit,East,Mumbai,Books,Magazine,iPhone,5,68081,10,COD,338,64883.78
1028,2024-04-26,117,Amit,South,Mumbai,Books,Study,Wooden Bed,1,51388,0,NetBanking,187,6235.49
1029,2025-05-13,94,Kiran,South,Hyderabad,Grocery,Oil,Wooden Bed,3,68182,0,UPI,240,46410.88
1030,2024-04-17,172,Nisha,West,Chennai,Books,Study,Jeans Pant,2,13259,15,NetBanking,497,4350.76
1031,2025-04-02,135,Suman,South,Kolkata,Books,Magazine,Jeans Pant,1,2627,5,UPI,440,443.92
1032,2024-06-03,148,Neha,East,Pune,Electronics,Mobile,Office Chair,5,7004,0,COD,108,8160.08
1033,2024-10-11,189,Nisha,North,Delhi,Clothing,Jeans,Jeans Pant,5,64887,5,NetBanking,641,54022.65
1034,2024-10-31,153,Nisha,West,Chennai,Furniture,Sofa,iPhone,5,57825,20,COD,234,45831.24
1035,2024-11-27,4,Ankit,East,Kolkata,Grocery,Rice,Office Chair,3,37714,20,Card,429,10013.32
1036,2024-04-01,182,Vikas,East,Delhi,Grocery,Snacks,Study Table,1,15638,5,NetBanking,601,3194.56
1037,2024-10-26,120,Ankit,South,Chennai,Books,Study,Wooden Bed,2,44619,15,NetBanking,568,18640.84
1038,2025-03-05,173,Neha,East,Chennai,Grocery,Snacks,Samsung TV,4,35840,20,NetBanking,396,21605.61
1039,2025-05-11,78,Ravi,South,Pune,Books,Study,Samsung TV,2,27023,5,COD,210,12013.05
1040,2024-03-04,41,Rohit,South,Hyderabad,Books,Study,Polo Tshirt,5,28962,5,UPI,414,12288.68
1041,2025-03-16,104,Nisha,South,Chennai,Grocery,Oil,iPhone,4,26819,5,COD,632,18678.88
1042,2024-03-12,134,Suman,East,Chennai,Books,Magazine,Story Book,2,2805,20,Card,461,717.84
1043,2024-03-22,168,Rohit,East,Chennai,Furniture,Chair,Samsung TV,2,36128,15,Card,314,7554.73
1044,2024-03-14,15,Pooja,North,Chennai,Clothing,Jacket,Study Table,3,28308,20,COD,217,8857.42
1045,2024-03-12,142,Kiran,West,Mumbai,Books,Novel,Study Table,5,36778,20,NetBanking,369,17727.99
1046,2024-06-23,32,Suman,East,Kolkata,Grocery,Fruits,Samsung TV,3,58589,0,NetBanking,78,31338.19
1047,2025-05-11,14,Neha,South,Hyderabad,Grocery,Oil,Rice Pack,4,10971,0,NetBanking,278,4815.48
1048,2024-09-18,96,Rahul,West,Chennai,Electronics,Headphone,Polo Tshirt,5,31309,10,COD,311,17554.42
1049,2024-05-22,142,Suman,North,Mumbai,Electronics,Mobile,Wooden Bed,5,60116,5,Card,137,38796.82
1050,2024-06-17,22,Rahul,South,Delhi,Furniture,Bed,Wooden Bed,1,65916,0,UPI,284,13455.73
1051,2024-04-08,140,Priya,West,Jaipur,Books,Novel,Story Book,1,15104,10,COD,611,2524.53
1052,2025-04-29,187,Nisha,West,Delhi,Books,Novel,Office Chair,1,48548,20,NetBanking,495,6198.25
1053,2024-01-15,126,Neha,East,Chennai,Clothing,Jacket,Dell Laptop,4,55343,0,NetBanking,696,46074.55
1054,2024-09-30,98,Ankit,West,Bangalore,Electronics,TV,Samsung TV,1,36386,15,NetBanking,403,5927.63
1055,2024-07-27,132,Nisha,West,Kolkata,Electronics,Mobile,Samsung TV,1,44556,5,UPI,225,5321.31
1056,2025-02-25,47,Kiran,West,Kolkata,Books,Novel,iPhone,5,40554,10,UPI,672,25020.22
1057,2025-01-30,59,Amit,East,Kolkata,Grocery,Rice,Study Table,5,58822,10,NetBanking,133,64257.69
1058,2024-01-10,78,Ravi,North,Delhi,Furniture,Bed,Story Book,3,10448,0,COD,270,4318.5
1059,2024-01-16,144,Ankit,East,Delhi,Furniture,Sofa,Study Table,5,3016,0,UPI,625,2632.23
1060,2025-05-08,183,Suman,West,Bangalore,Furniture,Bed,Wooden Bed,3,63459,0,Card,133,43590.52
1061,2024-01-12,110,Vikas,North,Kolkata,Furniture,Sofa,Dell Laptop,5,20846,5,NetBanking,631,21758.75
1062,2024-01-29,184,Vikas,North,Hyderabad,Clothing,Tshirt,Samsung TV,3,29576,15,UPI,181,15551.39
1063,2024-08-12,53,Neha,East,Jaipur,Furniture,Table,Polo Tshirt,1,31387,20,NetBanking,369,3627.49
1064,2024-05-26,24,Neha,South,Delhi,Furniture,Table,Samsung TV,4,21872,20,UPI,345,16804.58
1065,2024-04-02,165,Vikas,North,Bangalore,Furniture,Chair,iPhone,2,38271,5,Card,165,10279.49
1066,2025-02-16,119,Rohit,South,Mumbai,Electronics,Mobile,Study Table,4,13464,20,NetBanking,633,9028.59
1067,2024-12-18,118,Vikas,West,Pune,Furniture,Table,Story Book,3,10887,10,NetBanking,94,3296.64
1068,2024-04-10,161,Pooja,East,Kolkata,Furniture,Sofa,Polo Tshirt,4,51972,0,Card,690,20616.18
1069,2024-01-17,105,Priya,West,Jaipur,Furniture,Bed,Study Table,3,44973,0,NetBanking,395,32350.39
1070,2024-06-01,6,Vikas,South,Kolkata,Grocery,Rice,Jeans Pant,5,3568,0,COD,446,4137.73
1071,2024-02-27,198,Ankit,South,Chennai,Books,Comics,Samsung TV,4,53056,5,COD,110,28033.57
1072,2024-01-23,129,Ankit,West,Pune,Books,Comics,Wooden Bed,3,1267,5,Card,413,350.47
1073,2025-03-06,2,Kiran,East,Pune,Electronics,Headphone,iPhone,4,40873,0,Card,50,22117.26
1074,2024-06-20,102,Nisha,South,Bangalore,Grocery,Snacks,Office Chair,4,51484,20,COD,193,15069.7
1075,2025-05-10,117,Suman,South,Pune,Clothing,Tshirt,Story Book,3,64204,10,UPI,545,39253.84
1076,2025-01-23,97,Rohit,South,Kolkata,Grocery,Snacks,Polo Tshirt,4,36271,15,Card,213,26874.57
1077,2024-06-25,90,Pooja,South,Chennai,Grocery,Fruits,Polo Tshirt,2,5593,15,COD,386,2131.97
1078,2025-02-21,104,Rohit,North,Pune,Clothing,Tshirt,Rice Pack,2,52141,10,UPI,473,17083.92
1079,2025-05-08,49,Nisha,South,Jaipur,Electronics,Headphone,iPhone,5,67677,5,UPI,287,28592.57
1080,2024-10-06,106,Ankit,North,Pune,Clothing,Tshirt,Office Chair,2,46449,15,COD,527,10137.51
1081,2024-04-21,126,Priya,South,Hyderabad,Clothing,Tshirt,Dell Laptop,1,60667,5,COD,255,11351.02
1082,2025-03-30,62,Ankit,North,Jaipur,Books,Comics,Samsung TV,2,64304,0,UPI,219,29110.33
1083,2024-11-24,50,Neha,East,Pune,Books,Novel,Office Chair,2,29476,20,COD,391,5455.33
1084,2024-04-09,121,Vikas,South,Bangalore,Clothing,Shirt,Polo Tshirt,2,16753,5,UPI,693,4600.29
1085,2024-10-22,132,Ravi,West,Bangalore,Electronics,Mobile,Dell Laptop,5,13117,20,Card,67,5232.69
1086,2024-09-26,16,Rohit,South,Jaipur,Grocery,Fruits,Dell Laptop,3,21374,5,NetBanking,603,5829.04
1087,2024-11-26,170,Nisha,East,Pune,Grocery,Oil,Dell Laptop,4,33805,0,Card,253,31113.32
1088,2025-04-05,150,Kiran,East,Pune,Clothing,Shirt,Samsung TV,4,40946,10,UPI,96,27991.57
1089,2025-05-12,167,Amit,West,Mumbai,Books,Novel,Story Book,1,58062,10,Card,60,7342.83
1090,2024-10-16,25,Priya,West,Chennai,Books,Magazine,Office Chair,4,33100,15,NetBanking,655,23419.78
1091,2024-12-16,134,Amit,South,Kolkata,Grocery,Oil,Samsung TV,4,27714,20,Card,622,19516.55
1092,2025-01-13,54,Ravi,West,Mumbai,Clothing,Shirt,Wooden Bed,5,18167,0,COD,307,8561.67
1093,2024-07-30,46,Vikas,North,Kolkata,Books,Novel,Story Book,3,15062,20,UPI,553,4464.66
1094,2024-01-02,104,Priya,East,Delhi,Electronics,TV,Wooden Bed,5,66638,0,NetBanking,494,79391.47
1095,2025-04-09,48,Rohit,North,Chennai,Electronics,Mobile,Study Table,5,28617,15,NetBanking,674,26587.22
1096,2025-04-16,179,Priya,West,Chennai,Clothing,Tshirt,Study Table,2,53811,15,UPI,305,9758.21
1097,2025-03-13,63,Amit,North,Bangalore,Grocery,Snacks,Study Table,5,12391,5,NetBanking,462,10643.06
1098,2025-02-20,100,Kiran,East,Chennai,Clothing,Jacket,Polo Tshirt,4,20034,15,COD,671,9064.24
1099,2024-03-09,76,Pooja,West,Bangalore,Clothing,Jeans,iPhone,5,6900,5,NetBanking,414,7434.75
1100,2025-05-15,50,Ankit,South,Kolkata,Electronics,Headphone,Study Table,4,35173,15,COD,633,15564.56
1101,2024-09-19,46,Pooja,South,Bangalore,Furniture,Sofa,Jeans Pant,1,15829,0,NetBanking,553,3657.84
1102,2024-09-22,128,Suman,South,Pune,Clothing,Tshirt,Story Book,5,18025,10,COD,134,19495.99
1103,2024-12-25,180,Neha,North,Chennai,Clothing,Shirt,Office Chair,1,33213,15,COD,460,4645.85
1104,2024-09-26,23,Pooja,East,Kolkata,Grocery,Snacks,Office Chair,4,66249,15,Card,371,34963.12
1105,2024-03-17,128,Ankit,East,Hyderabad,Furniture,Bed,Story Book,1,32983,5,Card,384,4033.65
1106,2024-07-18,149,Neha,North,Delhi,Grocery,Snacks,iPhone,4,5264,20,UPI,124,4183.71
1107,2024-12-11,124,Ankit,West,Kolkata,Books,Magazine,iPhone,4,4900,10,COD,539,4094.3
1108,2025-03-11,173,Rohit,East,Kolkata,Clothing,Jeans,iPhone,1,52783,20,UPI,78,5183
1109,2024-02-03,70,Nisha,South,Delhi,Clothing,Jeans,Study Table,2,34410,0,UPI,410,7711.39
1110,2024-05-29,101,Vikas,West,Chennai,Grocery,Oil,Jeans Pant,4,6254,20,COD,566,4460.72
1111,2025-04-11,99,Amit,West,Bangalore,Furniture,Table,Story Book,1,67716,20,UPI,529,8965.58
1112,2024-01-16,117,Suman,North,Chennai,Books,Study,Office Chair,4,55611,5,Card,176,27676.96
1113,2025-05-15,71,Nisha,North,Kolkata,Electronics,TV,Study Table,4,10195,15,NetBanking,376,7594.13
1114,2024-04-15,49,Pooja,West,Jaipur,Furniture,Sofa,Samsung TV,2,40212,0,Card,113,11178.88
1115,2024-03-05,183,Nisha,South,Delhi,Electronics,TV,Samsung TV,3,17925,10,NetBanking,531,9511.61
1116,2024-08-29,111,Amit,North,Pune,Grocery,Oil,Wooden Bed,4,27609,20,UPI,291,17385.39
1117,2025-05-02,75,Suman,East,Hyderabad,Electronics,Mobile,Story Book,4,63736,10,Card,355,41158.7
1118,2024-08-31,56,Nisha,North,Bangalore,Grocery,Fruits,Rice Pack,2,59381,15,NetBanking,256,22141.81
1119,2025-03-05,54,Rohit,North,Pune,Clothing,Shirt,Jeans Pant,5,51072,0,UPI,411,55388.22
1120,2025-04-14,112,Ravi,South,Mumbai,Clothing,Jeans,Polo Tshirt,2,48351,10,Card,648,20444.83
1121,2024-12-05,130,Ravi,South,Kolkata,Grocery,Snacks,Rice Pack,5,30711,15,UPI,220,31896.99
1122,2024-07-01,29,Nisha,South,Hyderabad,Clothing,Jacket,Polo Tshirt,5,39577,20,UPI,505,17233.96
1123,2024-11-24,121,Suman,South,Hyderabad,Clothing,Jeans,Jeans Pant,4,35154,5,UPI,212,13306.6
1124,2024-07-01,73,Suman,East,Pune,Books,Novel,Jeans Pant,1,4968,5,Card,331,423.29
1125,2024-06-08,116,Rahul,North,Hyderabad,Books,Magazine,Wooden Bed,5,64543,20,Card,67,48032.63
1126,2025-04-22,46,Amit,North,Delhi,Furniture,Table,Samsung TV,1,45878,10,COD,417,9138.68
1127,2025-03-10,104,Rahul,South,Kolkata,Electronics,Headphone,iPhone,1,15201,10,NetBanking,114,1596.24
1128,2024-08-26,99,Priya,East,Jaipur,Books,Novel,Study Table,3,16332,15,Card,361,6365.71
1129,2025-04-02,15,Rahul,South,Delhi,Books,Comics,Dell Laptop,2,8553,15,COD,122,2306.25
1130,2024-08-15,133,Vikas,East,Kolkata,Clothing,Jeans,Samsung TV,4,24467,5,COD,644,11073.31
1131,2024-09-06,92,Priya,North,Chennai,Books,Magazine,Jeans Pant,2,59969,20,COD,675,20993.13
1132,2024-01-12,51,Rahul,East,Pune,Clothing,Tshirt,Rice Pack,2,6607,5,NetBanking,341,2351.18
1133,2024-02-25,184,Vikas,North,Bangalore,Grocery,Fruits,Rice Pack,1,16328,10,Card,130,2861.39
1134,2024-11-03,105,Ankit,East,Chennai,Furniture,Table,Study Table,4,21368,10,COD,325,14161.39
1135,2024-12-08,14,Ravi,East,Chennai,Electronics,Laptop,Office Chair,4,14849,5,NetBanking,552,13649.46
1136,2024-03-27,77,Kiran,West,Mumbai,Electronics,Laptop,Study Table,4,14810,15,NetBanking,573,11263.07
1137,2024-11-24,8,Priya,North,Pune,Electronics,Laptop,Polo Tshirt,5,12593,20,COD,151,10026.81
1138,2024-03-04,128,Priya,North,Bangalore,Electronics,TV,Polo Tshirt,1,45787,20,Card,443,8315
1139,2024-01-21,126,Ankit,South,Mumbai,Books,Novel,Story Book,5,45498,15,UPI,67,43564.78
1140,2024-01-23,43,Ankit,North,Bangalore,Electronics,Mobile,Samsung TV,2,29580,0,UPI,501,9709.35
1141,2024-02-07,108,Ankit,East,Jaipur,Electronics,TV,Story Book,5,7128,0,Card,308,8570.36
1142,2024-01-27,61,Nisha,West,Chennai,Clothing,Jacket,Office Chair,2,18487,0,NetBanking,599,4577.89
1143,2025-04-04,46,Nisha,East,Pune,Books,Novel,Story Book,4,23355,10,NetBanking,349,12875.55
1144,2024-03-05,143,Rahul,East,Pune,Electronics,Headphone,Dell Laptop,5,40176,0,COD,235,26197.19
1145,2025-01-20,98,Ankit,West,Kolkata,Books,Novel,Jeans Pant,5,45838,5,Card,344,39121.18
1146,2024-08-15,50,Priya,East,Pune,Clothing,Jeans,Polo Tshirt,5,2768,0,Card,271,3319.96
1147,2025-01-13,103,Amit,South,Chennai,Books,Novel,Jeans Pant,2,4095,0,COD,447,1495.91
1148,2024-11-07,107,Ravi,South,Kolkata,Books,Novel,iPhone,5,2279,0,UPI,102,2647.93
1149,2024-10-10,87,Ravi,South,Pune,Clothing,Tshirt,iPhone,4,25500,10,Card,296,16326.7
1150,2024-05-18,119,Priya,North,Mumbai,Books,Novel,Story Book,1,48778,15,UPI,565,4526.07
1151,2025-04-10,15,Pooja,East,Bangalore,Books,Study,Polo Tshirt,2,44211,10,Card,464,19105.92
1152,2025-02-24,7,Amit,East,Jaipur,Books,Comics,Wooden Bed,4,23807,0,Card,359,21832.77
1153,2024-06-26,5,Rohit,South,Delhi,Books,Comics,Dell Laptop,4,56576,10,Card,558,28363.64
1154,2025-04-21,140,Amit,East,Pune,Grocery,Snacks,Jeans Pant,4,58510,15,Card,617,36819.71
1155,2025-02-07,32,Nisha,North,Mumbai,Clothing,Tshirt,Rice Pack,5,716,0,NetBanking,432,535.96
1156,2024-12-01,14,Nisha,South,Chennai,Clothing,Jacket,Office Chair,1,34142,15,Card,676,2579.71
1157,2024-02-11,161,Vikas,South,Mumbai,Clothing,Jacket,Polo Tshirt,3,48951,0,UPI,530,24253.19
1158,2024-08-18,127,Kiran,West,Chennai,Clothing,Tshirt,Polo Tshirt,5,13508,20,NetBanking,117,7167.72
1159,2025-04-05,100,Pooja,West,Jaipur,Furniture,Bed,Samsung TV,5,56682,15,UPI,240,33064.92
1160,2024-06-10,71,Nisha,West,Chennai,Clothing,Jacket,Jeans Pant,5,25083,10,COD,560,10463.76
1161,2025-01-05,164,Ravi,West,Jaipur,Books,Comics,Rice Pack,3,63014,20,COD,635,23221.49
1162,2024-11-12,135,Rohit,West,Pune,Clothing,Jacket,Samsung TV,5,58604,10,NetBanking,628,65094.09
1163,2024-10-29,7,Vikas,West,Kolkata,Grocery,Oil,Samsung TV,1,53949,20,COD,213,6332.21
1164,2024-04-26,30,Ankit,North,Delhi,Books,Study,Samsung TV,1,60470,10,COD,457,11013.02
1165,2024-04-03,62,Suman,West,Mumbai,Clothing,Tshirt,Rice Pack,2,24146,5,Card,637,4050.66
1166,2025-01-10,182,Kiran,North,Chennai,Books,Magazine,iPhone,5,48634,5,COD,257,26489.72
1167,2024-10-26,28,Priya,West,Bangalore,Electronics,Laptop,iPhone,5,68054,5,Card,585,40341.87
1168,2024-01-11,140,Ravi,South,Kolkata,Books,Study,Jeans Pant,4,68085,20,NetBanking,70,37144.86
1169,2025-05-06,139,Pooja,South,Kolkata,Electronics,TV,Jeans Pant,1,41462,10,NetBanking,327,4627.92
1170,2024-10-25,75,Suman,East,Chennai,Books,Novel,Office Chair,3,68593,15,COD,327,35136.64
1171,2024-01-26,55,Amit,East,Bangalore,Grocery,Rice,Office Chair,5,18063,10,Card,606,15874.78
1172,2025-03-18,174,Priya,East,Delhi,Electronics,Headphone,Dell Laptop,1,15084,15,UPI,679,2748.64
1173,2024-03-30,97,Amit,West,Chennai,Electronics,Headphone,Story Book,3,2808,5,COD,287,775.85
1174,2025-05-15,12,Vikas,North,Mumbai,Electronics,Laptop,Office Chair,4,12039,20,UPI,582,7043.62
1175,2024-07-18,113,Amit,North,Kolkata,Grocery,Snacks,Dell Laptop,1,13059,10,NetBanking,518,2781.77
1176,2025-01-12,94,Amit,West,Mumbai,Grocery,Fruits,Office Chair,5,35786,15,COD,444,34728.29
1177,2024-06-22,77,Neha,West,Delhi,Furniture,Chair,Rice Pack,3,32452,15,NetBanking,421,16175.37
1178,2024-10-08,40,Neha,East,Pune,Grocery,Rice,Jeans Pant,2,49017,0,UPI,645,9264.8
1179,2025-04-22,12,Amit,West,Bangalore,Electronics,Headphone,Story Book,4,26871,10,UPI,185,13987.5
1180,2025-02-24,5,Amit,North,Kolkata,Furniture,Sofa,Study Table,2,42081,0,COD,299,7916.9
1181,2024-10-27,196,Ankit,West,Mumbai,Clothing,Jeans,Jeans Pant,2,12943,15,COD,85,4390.39
1182,2024-03-04,167,Neha,West,Chennai,Books,Study,Story Book,5,58834,10,COD,383,63647.8
1183,2024-11-18,182,Rohit,West,Bangalore,Electronics,Headphone,iPhone,3,55506,15,UPI,199,12934.69
1184,2024-09-24,148,Ravi,South,Hyderabad,Electronics,TV,Story Book,2,64097,10,COD,134,23047.66
1185,2024-10-30,45,Kiran,East,Pune,Electronics,Headphone,Story Book,3,48227,5,NetBanking,50,22402.86
1186,2024-05-29,198,Priya,East,Kolkata,Books,Novel,Story Book,3,27022,10,UPI,293,16001.24
1187,2024-10-05,167,Pooja,West,Chennai,Electronics,Headphone,Office Chair,4,5525,0,COD,103,3313.89
1188,2024-08-11,197,Suman,West,Delhi,Clothing,Jacket,Dell Laptop,2,57529,0,NetBanking,500,20733.08
1189,2024-11-03,128,Kiran,South,Hyderabad,Clothing,Jeans,Jeans Pant,4,60046,20,Card,117,39872.58
1190,2025-05-01,176,Ankit,East,Kolkata,Grocery,Snacks,Office Chair,2,807,10,NetBanking,66,159.85
1191,2024-03-26,85,Kiran,West,Chennai,Clothing,Jeans,Dell Laptop,1,16575,20,UPI,178,3058.73
1192,2024-06-20,164,Rahul,East,Delhi,Books,Novel,Office Chair,1,63833,10,UPI,225,8542.65
1193,2025-04-13,86,Neha,North,Jaipur,Electronics,Mobile,Office Chair,1,12027,20,NetBanking,465,1336.83
1194,2025-03-19,112,Vikas,South,Kolkata,Grocery,Rice,Rice Pack,3,54845,20,Card,53,23395.46
1195,2024-05-16,114,Pooja,South,Delhi,Electronics,Laptop,Wooden Bed,3,30851,0,NetBanking,255,9144.16
1196,2024-09-04,77,Pooja,West,Jaipur,Furniture,Bed,Dell Laptop,3,28528,15,Card,247,15142.13
1197,2024-04-05,160,Ravi,South,Bangalore,Grocery,Fruits,iPhone,1,36732,20,Card,329,3330.07
1198,2024-01-22,10,Amit,South,Hyderabad,Grocery,Snacks,Polo Tshirt,4,39936,0,COD,492,15572.96
1199,2024-06-25,110,Rahul,East,Hyderabad,Furniture,Bed,iPhone,2,5056,20,UPI,117,746.5
1200,2025-04-08,29,Suman,North,Pune,Books,Study,Jeans Pant,1,46695,20,NetBanking,476,9058.94
1201,2025-01-27,141,Kiran,East,Jaipur,Clothing,Jeans,Dell Laptop,3,68393,10,COD,341,23714.5
1202,2025-03-31,98,Priya,South,Mumbai,Furniture,Chair,Dell Laptop,3,15745,0,Card,557,5758.94
1203,2024-02-14,62,Suman,East,Delhi,Furniture,Sofa,Jeans Pant,3,37152,15,NetBanking,163,18050.65
1204,2024-02-05,85,Amit,North,Delhi,Books,Novel,iPhone,4,17167,20,COD,176,6388.73
1205,2025-01-20,190,Rahul,East,Pune,Furniture,Sofa,Jeans Pant,1,29028,20,COD,476,5374.27
1206,2024-05-21,138,Rohit,North,Mumbai,Furniture,Sofa,Samsung TV,4,63835,10,NetBanking,345,19437.96
1207,2024-10-08,190,Amit,East,Jaipur,Clothing,Jeans,Rice Pack,3,27051,0,UPI,98,16775.04
1208,2024-01-25,72,Neha,West,Mumbai,Books,Novel,Samsung TV,3,11363,0,COD,78,6923.77
1209,2024-02-15,26,Kiran,South,Kolkata,Furniture,Table,iPhone,4,64566,15,UPI,640,27696.6
1210,2024-01-23,19,Vikas,North,Chennai,Furniture,Sofa,Study Table,4,27915,20,UPI,232,9179.61
1211,2024-11-29,34,Kiran,West,Chennai,Grocery,Rice,Wooden Bed,4,47586,5,Card,73,21789.32
1212,2024-10-20,187,Ravi,South,Jaipur,Grocery,Fruits,Rice Pack,2,58681,0,Card,609,20925.93
1213,2025-02-28,36,Nisha,East,Chennai,Grocery,Snacks,Dell Laptop,4,52242,20,UPI,112,34586.39
1214,2024-12-29,88,Pooja,East,Pune,Electronics,TV,iPhone,1,1051,0,UPI,549,92.58
1215,2025-02-19,12,Pooja,South,Mumbai,Clothing,Jacket,Polo Tshirt,2,14860,10,Card,460,2560.68
1216,2025-02-03,165,Pooja,South,Chennai,Grocery,Oil,Wooden Bed,2,63408,10,COD,119,25326.11
1217,2024-03-08,3,Rohit,North,Hyderabad,Grocery,Fruits,Polo Tshirt,3,11260,15,NetBanking,601,2588.1
1218,2025-01-03,15,Vikas,South,Bangalore,Grocery,Snacks,Wooden Bed,4,48453,5,UPI,219,18786.51
1219,2024-05-12,144,Suman,East,Pune,Electronics,Headphone,Polo Tshirt,3,20987,10,UPI,401,9239.61
1220,2024-04-26,98,Neha,East,Pune,Clothing,Jacket,Jeans Pant,1,42374,15,Card,525,7390.17
1221,2025-03-14,74,Rohit,North,Pune,Books,Magazine,Dell Laptop,4,45289,20,COD,588,35582.3
1222,2024-01-23,188,Ravi,North,Jaipur,Electronics,Headphone,Study Table,3,69275,0,UPI,61,40365.41
1223,2025-03-28,124,Ravi,South,Bangalore,Clothing,Jeans,Polo Tshirt,5,19043,5,Card,667,21513.83
1224,2024-12-25,114,Ravi,South,Chennai,Grocery,Fruits,Rice Pack,3,9735,5,UPI,147,4213.09
1225,2024-11-14,197,Nisha,East,Jaipur,Furniture,Bed,Story Book,3,12896,5,COD,104,6804.08
1226,2024-07-01,86,Suman,North,Kolkata,Electronics,Headphone,Jeans Pant,1,31426,0,NetBanking,541,4520.01
1227,2024-03-16,1,Priya,North,Bangalore,Clothing,Tshirt,Story Book,2,17534,15,Card,503,5347.9
1228,2024-06-17,175,Amit,East,Pune,Books,Novel,Polo Tshirt,4,25718,15,NetBanking,398,17865.88
1229,2025-02-03,167,Ravi,South,Kolkata,Grocery,Oil,Wooden Bed,5,14001,0,COD,71,7273.29
1230,2024-01-03,137,Suman,South,Pune,Electronics,Headphone,Rice Pack,4,14095,20,UPI,219,7125.54
1231,2025-03-12,41,Nisha,West,Hyderabad,Books,Magazine,Rice Pack,1,38081,5,NetBanking,436,7674.92
1232,2025-04-09,187,Kiran,East,Jaipur,Electronics,Mobile,Office Chair,2,69235,15,UPI,127,29047.3
1233,2024-12-22,41,Ankit,North,Pune,Clothing,Jeans,iPhone,3,6089,20,Card,244,2484.74
1234,2024-07-25,7,Neha,South,Pune,Furniture,Chair,Polo Tshirt,2,58508,10,NetBanking,657,15179.71
1235,2024-06-20,16,Vikas,North,Pune,Grocery,Oil,Office Chair,3,69357,0,COD,147,23456.45
1236,2024-09-05,127,Rahul,South,Chennai,Books,Novel,Samsung TV,5,61352,5,Card,475,64363.95
1237,2024-12-24,39,Amit,East,Hyderabad,Furniture,Sofa,Dell Laptop,4,1917,0,UPI,165,1780.59
1238,2024-08-23,102,Neha,North,Delhi,Books,Comics,Polo Tshirt,1,50635,10,Card,610,8432.87
1239,2024-06-09,142,Nisha,South,Mumbai,Grocery,Snacks,Study Table,5,37864,5,COD,512,18103.53
1240,2025-04-05,101,Ankit,West,Delhi,Furniture,Table,iPhone,4,62632,20,Card,467,46923.47
1241,2024-03-30,52,Vikas,South,Chennai,Books,Comics,Office Chair,2,26005,5,Card,94,9661.21
1242,2024-06-09,102,Neha,South,Chennai,Furniture,Sofa,Story Book,2,50411,20,Card,409,9847.13
1243,2024-04-20,54,Vikas,South,Mumbai,Books,Comics,iPhone,4,44615,0,Card,147,25875.22
1244,2024-04-13,28,Neha,South,Hyderabad,Electronics,Mobile,iPhone,2,63087,10,COD,449,23766.86
1245,2025-03-01,167,Amit,North,Hyderabad,Electronics,TV,iPhone,2,32056,20,NetBanking,645,4472.97
1246,2024-06-19,37,Rahul,South,Mumbai,Grocery,Rice,Wooden Bed,5,2912,0,NetBanking,346,2480.31
1247,2024-11-13,19,Neha,East,Jaipur,Clothing,Jeans,iPhone,2,69048,10,UPI,539,23446.19
1248,2024-02-11,199,Nisha,North,Hyderabad,Grocery,Rice,Study Table,3,17378,20,Card,430,8780.12
1249,2024-06-18,41,Amit,North,Hyderabad,Furniture,Table,Story Book,1,3611,20,Card,95,337.29
1250,2024-07-21,52,Priya,South,Pune,Grocery,Oil,Office Chair,1,67095,10,NetBanking,697,14775.78
1251,2024-10-15,168,Nisha,East,Hyderabad,Electronics,Headphone,Jeans Pant,2,10146,10,NetBanking,390,3650.56
1252,2024-01-18,32,Vikas,West,Delhi,Electronics,Laptop,Wooden Bed,3,49407,0,COD,419,35313.58
1253,2025-04-06,93,Priya,West,Kolkata,Furniture,Table,Story Book,5,60905,20,UPI,350,48981.46
1254,2025-03-10,14,Ankit,South,Jaipur,Electronics,Mobile,Samsung TV,1,48331,10,COD,350,3579.48
1255,2024-04-24,57,Amit,North,Jaipur,Grocery,Snacks,Polo Tshirt,2,69452,5,NetBanking,289,29681.87
1256,2025-01-22,129,Ankit,North,Chennai,Clothing,Shirt,Story Book,2,22850,15,Card,108,7302.76
1257,2025-02-10,56,Vikas,North,Delhi,Clothing,Jeans,Jeans Pant,5,39255,5,NetBanking,630,31162.27
1258,2025-02-07,18,Ankit,South,Delhi,Clothing,Tshirt,Story Book,3,3759,10,Card,56,1681.69
1259,2024-09-12,8,Ravi,North,Bangalore,Electronics,TV,Study Table,2,66527,20,Card,519,22401.73
1260,2025-01-21,183,Nisha,South,Hyderabad,Clothing,Shirt,Study Table,2,23945,15,UPI,428,4328.04
1261,2024-08-26,118,Amit,South,Delhi,Furniture,Table,Polo Tshirt,3,69077,0,NetBanking,73,34773.62
1262,2025-04-03,83,Kiran,North,Kolkata,Grocery,Fruits,Study Table,3,51916,5,COD,382,11989.94
1263,2024-10-31,114,Priya,North,Bangalore,Grocery,Rice,Study Table,1,33358,0,COD,294,8025.89
1264,2024-12-10,73,Neha,North,Pune,Grocery,Fruits,Office Chair,4,54651,0,Card,608,45782.87
1265,2024-07-25,187,Amit,West,Pune,Grocery,Fruits,Wooden Bed,2,20718,15,COD,102,6679.49
1266,2024-03-08,169,Rahul,South,Hyderabad,Grocery,Rice,Samsung TV,5,14157,15,COD,644,8012.12
1267,2025-04-02,90,Priya,West,Pune,Books,Study,Study Table,4,23146,5,NetBanking,148,14655.1
1268,2025-02-15,157,Rahul,North,Mumbai,Furniture,Bed,Study Table,5,65232,0,NetBanking,228,58346.88
1269,2025-04-22,5,Ravi,West,Pune,Books,Magazine,Study Table,4,11848,5,NetBanking,98,8239.87
1270,2024-03-23,156,Suman,North,Chennai,Books,Comics,Dell Laptop,2,30379,5,COD,487,8161.32
1271,2024-12-12,65,Pooja,West,Jaipur,Clothing,Jeans,Rice Pack,1,22418,0,UPI,57,4389.65
1272,2025-04-25,158,Suman,West,Bangalore,Clothing,Shirt,Samsung TV,1,41998,10,UPI,397,4905.54
1273,2024-01-18,60,Pooja,West,Chennai,Books,Novel,Wooden Bed,1,66887,15,NetBanking,407,5498.08
1274,2024-11-19,112,Rahul,East,Pune,Books,Comics,Jeans Pant,1,62788,15,UPI,269,6976.81
1275,2025-02-25,142,Amit,West,Hyderabad,Books,Novel,Office Chair,2,32971,0,NetBanking,379,7545.1
1276,2024-02-03,79,Kiran,North,Kolkata,Clothing,Tshirt,Office Chair,4,50750,20,UPI,690,22009.28
1277,2024-12-30,44,Kiran,East,Chennai,Electronics,Mobile,Wooden Bed,5,26297,0,NetBanking,591,12770.46
1278,2024-10-28,44,Ankit,West,Chennai,Books,Comics,Wooden Bed,1,12271,20,Card,298,1663.47
1279,2024-12-09,155,Vikas,South,Bangalore,Books,Novel,iPhone,2,63861,20,UPI,538,12095.08
1280,2024-06-06,146,Priya,East,Mumbai,Clothing,Tshirt,Wooden Bed,2,3379,10,Card,441,819.34
1281,2024-10-24,187,Pooja,East,Delhi,Clothing,Shirt,Story Book,3,302,20,Card,456,180.53
1282,2024-11-09,194,Ravi,South,Jaipur,Grocery,Rice,Jeans Pant,2,48503,5,COD,133,14559.72
1283,2024-01-06,178,Amit,North,Mumbai,Books,Magazine,Rice Pack,2,52508,10,UPI,448,21348.5
1284,2024-04-21,174,Vikas,West,Delhi,Clothing,Shirt,Office Chair,5,33496,5,UPI,264,34685.57
1285,2024-05-09,13,Rahul,South,Bangalore,Clothing,Jacket,Jeans Pant,4,18027,0,UPI,70,7970.15
1286,2024-01-02,101,Nisha,North,Pune,Clothing,Shirt,Dell Laptop,2,8270,20,COD,132,1555.39
1287,2024-04-08,179,Suman,South,Kolkata,Furniture,Sofa,Dell Laptop,1,49905,0,NetBanking,468,11695.35
1288,2024-08-25,107,Vikas,South,Jaipur,Electronics,Mobile,Jeans Pant,2,68929,10,UPI,220,22415.56
1289,2024-11-05,149,Vikas,North,Mumbai,Clothing,Jeans,Samsung TV,4,57580,20,Card,600,43085.74
1290,2024-12-26,12,Pooja,North,Chennai,Clothing,Shirt,Polo Tshirt,3,30641,15,NetBanking,371,14576.09
1291,2024-06-11,178,Amit,West,Jaipur,Books,Comics,Samsung TV,3,48167,0,Card,698,35365.56
1292,2024-01-12,67,Suman,East,Hyderabad,Books,Study,Rice Pack,2,68372,5,Card,146,18928.9
1293,2025-02-25,67,Priya,South,Hyderabad,Clothing,Jacket,Rice Pack,5,33727,15,UPI,588,33441.28
1294,2024-01-08,48,Nisha,South,Chennai,Clothing,Shirt,Dell Laptop,2,41054,10,NetBanking,499,7180.24
1295,2025-05-07,29,Suman,East,Pune,Grocery,Oil,Rice Pack,4,5386,0,COD,256,1995.06
1296,2024-10-07,175,Kiran,East,Jaipur,Furniture,Sofa,Story Book,2,49281,20,UPI,97,17942.72
1297,2024-06-05,134,Neha,West,Mumbai,Clothing,Jeans,Office Chair,4,61556,5,UPI,489,24400.27
1298,2024-02-17,125,Priya,South,Bangalore,Books,Magazine,Polo Tshirt,5,23633,0,UPI,455,13313.81
1299,2025-01-29,184,Nisha,East,Kolkata,Grocery,Oil,Story Book,4,35808,15,Card,543,20501.26
1300,2024-07-24,91,Nisha,North,Pune,Clothing,Shirt,Rice Pack,3,66138,10,Card,525,24232.82
1301,2024-06-04,152,Priya,West,Bangalore,Clothing,Jacket,Polo Tshirt,3,61167,20,COD,549,12854.31
1302,2024-08-11,197,Pooja,West,Jaipur,Clothing,Jeans,Polo Tshirt,5,69789,10,UPI,286,69781.79
1303,2025-04-27,160,Ankit,West,Delhi,Electronics,Laptop,Story Book,3,551,15,COD,259,165.41
1304,2025-05-14,190,Nisha,South,Kolkata,Electronics,Mobile,Samsung TV,4,51090,15,Card,342,28745.57
1305,2024-10-22,120,Suman,North,Pune,Books,Study,Study Table,2,41166,5,COD,188,17102.79
1306,2025-03-19,179,Vikas,West,Delhi,Clothing,Tshirt,Samsung TV,2,44640,10,COD,433,8862.78
1307,2024-04-23,169,Ravi,North,Kolkata,Books,Novel,Office Chair,5,53783,10,Card,296,30006.95
1308,2024-01-12,45,Ankit,East,Jaipur,Clothing,Jacket,Wooden Bed,2,7766,20,UPI,563,1956.09
1309,2024-11-16,193,Suman,South,Kolkata,Books,Study,Story Book,4,67186,15,Card,659,46857.92
1310,2024-12-04,94,Vikas,South,Kolkata,Clothing,Jacket,Jeans Pant,2,14682,10,Card,105,2674.68
1311,2024-07-24,27,Neha,South,Jaipur,Furniture,Sofa,Dell Laptop,4,29878,5,UPI,273,11830.85
1312,2024-02-17,133,Vikas,South,Pune,Electronics,Headphone,Jeans Pant,3,11463,0,COD,622,4162.02
1313,2024-04-05,70,Suman,South,Kolkata,Grocery,Fruits,Story Book,1,53674,5,Card,282,11884.09
1314,2024-02-29,114,Rahul,West,Jaipur,Clothing,Jacket,Dell Laptop,5,53405,5,NetBanking,87,59248.09
1315,2024-10-30,165,Nisha,West,Chennai,Furniture,Chair,Story Book,3,46015,20,NetBanking,452,10381.42
1316,2024-03-07,18,Vikas,North,Jaipur,Furniture,Sofa,Study Table,5,66919,10,NetBanking,264,35871.3
1317,2025-02-02,6,Rahul,East,Hyderabad,Furniture,Chair,Polo Tshirt,3,30137,5,NetBanking,561,10744.03
1318,2024-09-28,64,Ankit,South,Hyderabad,Clothing,Tshirt,iPhone,5,13590,0,Card,460,12451.35
1319,2024-03-11,36,Rohit,East,Chennai,Clothing,Jacket,Dell Laptop,3,61605,10,Card,133,33225.88
1320,2024-12-22,159,Neha,South,Kolkata,Furniture,Sofa,Office Chair,3,48562,0,COD,56,18217.68
1321,2024-07-02,95,Amit,North,Bangalore,Electronics,Headphone,Rice Pack,3,44669,5,COD,237,22281.48
1322,2024-05-28,156,Rohit,South,Delhi,Grocery,Oil,Rice Pack,3,17350,0,UPI,342,8560.63
1323,2024-06-28,182,Kiran,West,Mumbai,Clothing,Tshirt,Rice Pack,2,12170,20,Card,550,1598.19
1324,2024-12-05,53,Neha,North,Chennai,Clothing,Tshirt,Polo Tshirt,3,57024,10,Card,230,37204.19
1325,2024-08-20,71,Suman,West,Chennai,Grocery,Oil,Jeans Pant,4,47116,10,COD,212,39240.43
1326,2025-01-20,98,Kiran,West,Mumbai,Clothing,Tshirt,iPhone,3,33122,0,NetBanking,522,15491.58
1327,2025-02-17,82,Nisha,East,Jaipur,Furniture,Table,Story Book,4,7400,0,Card,151,6973.43
1328,2024-02-06,145,Suman,South,Mumbai,Books,Magazine,Jeans Pant,2,49739,10,NetBanking,158,10453.66
1329,2025-02-26,139,Pooja,South,Bangalore,Electronics,TV,Study Table,2,34980,0,NetBanking,130,12356.88
1330,2024-02-02,21,Ravi,South,Delhi,Grocery,Rice,Dell Laptop,1,32426,5,Card,590,6985.79
1331,2024-08-13,33,Neha,South,Bangalore,Furniture,Chair,Wooden Bed,3,43419,10,COD,506,12032.77
1332,2024-11-20,92,Ravi,West,Hyderabad,Furniture,Chair,Rice Pack,2,21605,15,UPI,688,8844.21
1333,2024-02-29,194,Ankit,North,Jaipur,Clothing,Tshirt,Study Table,4,21610,5,Card,200,20508.69
1334,2024-08-25,181,Ankit,South,Bangalore,Grocery,Oil,Study Table,5,2936,15,UPI,81,3030.63
1335,2025-01-17,88,Rohit,South,Kolkata,Electronics,Headphone,Jeans Pant,3,56347,0,NetBanking,412,26662.5
1336,2024-12-17,93,Vikas,North,Kolkata,Grocery,Fruits,Wooden Bed,4,16765,20,UPI,556,10155.81
1337,2024-04-26,62,Pooja,East,Chennai,Books,Study,Jeans Pant,4,59915,15,COD,203,26562.31
1338,2024-01-03,163,Nisha,South,Jaipur,Books,Novel,Samsung TV,5,35751,10,Card,328,25755.37
1339,2024-06-14,170,Nisha,North,Jaipur,Electronics,Mobile,Wooden Bed,3,6696,10,UPI,370,2705.64
1340,2024-07-18,188,Ravi,West,Hyderabad,Clothing,Jeans,Dell Laptop,4,40871,20,NetBanking,472,11992.29
1341,2024-10-12,110,Priya,West,Delhi,Electronics,Mobile,Story Book,5,44750,10,NetBanking,461,24674.46
1342,2024-08-31,84,Priya,West,Mumbai,Clothing,Tshirt,Samsung TV,3,33218,0,UPI,446,21184.26
1343,2024-03-18,169,Vikas,South,Delhi,Clothing,Jeans,Jeans Pant,2,57141,15,NetBanking,314,18537.74
1344,2024-05-10,188,Ravi,East,Bangalore,Books,Novel,Dell Laptop,2,68562,15,Card,176,10271.69
1345,2024-02-13,193,Rahul,South,Bangalore,Grocery,Snacks,Polo Tshirt,4,12665,0,Card,322,5840.84
1346,2024-09-16,173,Rahul,South,Hyderabad,Grocery,Rice,Office Chair,4,18078,5,UPI,178,10944.69
1347,2024-02-06,37,Vikas,South,Bangalore,Books,Comics,Polo Tshirt,3,11675,15,UPI,389,3460.25
1348,2025-04-21,60,Suman,South,Delhi,Books,Magazine,Wooden Bed,5,37907,10,NetBanking,133,19928.19
1349,2024-07-31,90,Nisha,East,Pune,Furniture,Chair,Study Table,4,26289,10,NetBanking,460,8635.48
1350,2024-06-06,57,Rahul,East,Bangalore,Grocery,Fruits,Office Chair,2,50734,20,NetBanking,118,12471.36
1351,2024-02-21,62,Neha,South,Kolkata,Books,Comics,Story Book,5,38344,5,NetBanking,126,45357.76
1352,2025-02-07,15,Pooja,South,Chennai,Clothing,Tshirt,Jeans Pant,1,20811,20,NetBanking,520,3285.29
1353,2024-08-07,176,Rohit,South,Bangalore,Grocery,Fruits,Samsung TV,3,69280,5,Card,631,37762.96
1354,2025-01-31,46,Rohit,East,Bangalore,Electronics,Mobile,Rice Pack,2,31787,0,NetBanking,50,15372.61
1355,2025-01-17,177,Nisha,East,Hyderabad,Grocery,Rice,Samsung TV,5,68553,10,Card,77,46678.96
1356,2024-08-16,99,Ankit,East,Hyderabad,Grocery,Fruits,Dell Laptop,4,15701,20,COD,300,5218.64
1357,2025-02-05,15,Pooja,South,Hyderabad,Books,Novel,Dell Laptop,4,27526,15,NetBanking,634,9114.45
1358,2024-08-20,79,Amit,East,Kolkata,Furniture,Bed,Rice Pack,4,50475,15,NetBanking,640,37835.26
1359,2024-11-28,93,Ravi,North,Jaipur,Books,Novel,Samsung TV,4,510,10,Card,519,434.1
1360,2024-08-01,68,Neha,West,Hyderabad,Clothing,Jacket,Samsung TV,1,25199,0,COD,102,4852.68
1361,2024-09-11,137,Suman,South,Bangalore,Books,Study,Office Chair,4,875,20,COD,441,638.8
1362,2024-09-05,183,Suman,North,Jaipur,Grocery,Fruits,Dell Laptop,1,59667,5,UPI,175,7659.01
1363,2024-09-07,78,Pooja,East,Delhi,Clothing,Jeans,Study Table,1,46548,0,COD,111,8876.69
1364,2024-01-16,100,Neha,North,Bangalore,Furniture,Table,Dell Laptop,3,15943,10,Card,339,7967.06
1365,2024-12-06,27,Ankit,West,Bangalore,Electronics,TV,Samsung TV,3,21466,10,COD,588,6059.87
1366,2025-02-22,109,Vikas,North,Kolkata,Clothing,Jacket,Jeans Pant,3,49029,15,COD,615,19998.23
1367,2025-02-18,86,Rohit,South,Delhi,Grocery,Rice,Wooden Bed,4,62042,5,COD,657,28486.03
1368,2024-12-05,31,Suman,East,Mumbai,Electronics,TV,Polo Tshirt,5,42221,20,NetBanking,300,39603.7
1369,2024-05-25,82,Neha,South,Mumbai,Books,Novel,iPhone,4,47095,15,UPI,620,17468.55
1370,2024-09-12,59,Nisha,North,Pune,Electronics,TV,Rice Pack,2,10358,15,Card,637,2218.16
1371,2025-03-27,156,Pooja,West,Bangalore,Grocery,Fruits,iPhone,4,21005,10,NetBanking,320,15525.16
1372,2025-05-12,54,Pooja,West,Hyderabad,Electronics,Laptop,Polo Tshirt,1,29383,15,COD,94,5066.48
1373,2024-10-03,81,Nisha,North,Jaipur,Electronics,Mobile,Rice Pack,4,52448,5,UPI,618,20957.88
1374,2024-04-11,101,Neha,South,Mumbai,Grocery,Rice,Office Chair,2,68915,0,COD,635,20101.99
1375,2025-04-25,146,Suman,North,Delhi,Furniture,Table,Rice Pack,1,13622,15,NetBanking,356,2336.33
1376,2024-10-04,199,Rahul,West,Chennai,Electronics,Mobile,Polo Tshirt,1,348,5,Card,471,38.25
1377,2024-11-19,189,Priya,West,Delhi,Books,Magazine,Office Chair,2,42699,10,NetBanking,560,9895.68
1378,2024-04-17,87,Rohit,East,Delhi,Clothing,Shirt,Dell Laptop,2,3242,10,NetBanking,317,645.56
1379,2024-06-21,162,Ravi,South,Kolkata,Furniture,Chair,Study Table,3,58524,5,COD,700,30788
1380,2024-09-30,175,Priya,East,Chennai,Furniture,Chair,Office Chair,1,13708,10,NetBanking,266,1074.26
1381,2024-12-15,111,Rohit,North,Bangalore,Books,Novel,Office Chair,2,63124,15,UPI,134,21447.94
1382,2024-03-30,98,Neha,East,Kolkata,Electronics,TV,Wooden Bed,5,27711,20,NetBanking,495,24658.74
1383,2024-09-21,118,Priya,North,Mumbai,Grocery,Oil,Dell Laptop,4,26866,0,COD,445,12016.36
1384,2025-01-03,183,Priya,West,Delhi,Electronics,Laptop,Samsung TV,3,60948,15,Card,346,19942.04
1385,2024-10-09,90,Ankit,East,Delhi,Grocery,Snacks,Rice Pack,3,50473,15,Card,231,12144.2
1386,2024-03-04,30,Priya,East,Mumbai,Electronics,Mobile,Polo Tshirt,5,60749,0,COD,647,47689.47
1387,2025-02-13,191,Neha,East,Pune,Clothing,Jacket,Study Table,1,7174,20,NetBanking,245,891.43
1388,2024-10-26,134,Rahul,East,Hyderabad,Furniture,Bed,Rice Pack,1,68290,5,NetBanking,380,7938.22
1389,2024-01-07,75,Amit,West,Chennai,Grocery,Rice,Jeans Pant,1,5607,0,COD,138,1282.12
1390,2024-12-03,139,Neha,North,Chennai,Grocery,Rice,Jeans Pant,2,38923,20,COD,563,9505.82
1391,2024-11-13,141,Ravi,East,Hyderabad,Clothing,Jeans,iPhone,4,23843,15,UPI,300,16159.23
1392,2025-04-03,85,Rohit,East,Kolkata,Electronics,Headphone,Office Chair,2,59916,5,Card,384,11808.25
1393,2024-06-05,3,Rohit,East,Kolkata,Clothing,Tshirt,Office Chair,3,51849,15,UPI,553,32713.21
1394,2024-10-04,132,Neha,West,Jaipur,Clothing,Shirt,Wooden Bed,5,29094,20,UPI,75,27788.14
1395,2025-01-24,125,Pooja,North,Jaipur,Grocery,Rice,Polo Tshirt,4,69033,15,NetBanking,254,52479.9
1396,2024-07-30,175,Pooja,West,Kolkata,Electronics,Headphone,Polo Tshirt,4,25597,15,Card,264,15111.55
1397,2025-01-15,85,Vikas,North,Jaipur,Books,Comics,Study Table,1,59068,0,UPI,130,10632.72
1398,2024-01-17,144,Amit,West,Chennai,Grocery,Fruits,Samsung TV,3,65516,15,NetBanking,319,26179.96
1399,2024-12-31,158,Suman,South,Kolkata,Clothing,Jeans,Rice Pack,5,28188,15,Card,110,13876.6
1400,2024-03-10,193,Vikas,East,Jaipur,Electronics,TV,Study Table,2,27081,10,Card,369,10997.71
1401,2024-09-06,81,Kiran,East,Mumbai,Electronics,TV,Rice Pack,4,69864,10,COD,345,33392.2
1402,2024-02-24,76,Suman,North,Hyderabad,Clothing,Jeans,iPhone,2,3954,20,NetBanking,449,1380.74
1403,2025-02-28,90,Rahul,North,Jaipur,Grocery,Fruits,iPhone,2,51477,5,UPI,289,9612.81
1404,2025-01-28,179,Rahul,East,Pune,Clothing,Shirt,Rice Pack,5,38160,15,UPI,403,30441.69
1405,2025-01-10,155,Rohit,North,Pune,Grocery,Snacks,Polo Tshirt,4,10370,20,NetBanking,385,3650.97
1406,2024-09-20,112,Pooja,South,Chennai,Books,Study,Rice Pack,5,45591,20,UPI,124,37212.02
1407,2024-08-26,141,Kiran,East,Pune,Electronics,TV,Wooden Bed,3,31536,0,Card,416,10488.1
1408,2024-06-05,22,Pooja,South,Pune,Grocery,Fruits,Story Book,1,54898,15,UPI,410,3761.49
1409,2024-12-28,192,Neha,North,Chennai,Furniture,Chair,Rice Pack,4,29828,10,UPI,408,13129.65
1410,2024-12-22,33,Rahul,West,Bangalore,Electronics,Headphone,Rice Pack,4,49952,10,NetBanking,411,39128.54
1411,2024-05-27,85,Pooja,East,Kolkata,Furniture,Bed,iPhone,2,30201,0,UPI,330,8564.32
1412,2024-12-19,178,Suman,East,Chennai,Clothing,Jacket,iPhone,1,55962,15,UPI,402,6311.53
1413,2024-09-07,148,Amit,West,Delhi,Electronics,Headphone,Story Book,5,62732,15,NetBanking,281,53200.68
1414,2024-06-29,53,Priya,West,Mumbai,Electronics,Mobile,Office Chair,3,33592,5,UPI,130,17165.03
1415,2024-04-06,38,Ankit,North,Delhi,Furniture,Table,Office Chair,5,58066,0,NetBanking,644,27885.8
1416,2024-06-01,22,Suman,South,Bangalore,Furniture,Table,Wooden Bed,3,19316,5,Card,209,7557.43
1417,2024-08-01,54,Amit,East,Pune,Electronics,Mobile,Polo Tshirt,1,42357,15,COD,619,7310.5
1418,2024-02-15,190,Pooja,West,Kolkata,Clothing,Shirt,iPhone,3,40912,10,COD,272,16671.94
1419,2025-04-27,193,Kiran,East,Bangalore,Grocery,Snacks,Rice Pack,3,44544,10,COD,699,15921.58
1420,2024-06-19,63,Nisha,South,Pune,Clothing,Jeans,iPhone,4,17730,5,NetBanking,514,16308.15
1421,2024-07-01,31,Rohit,West,Kolkata,Furniture,Sofa,Story Book,1,11464,20,Card,220,1721.8
1422,2025-04-22,25,Rohit,North,Jaipur,Grocery,Fruits,Office Chair,4,28593,5,UPI,478,20015.15
1423,2024-11-28,114,Vikas,East,Pune,Clothing,Shirt,Office Chair,4,43291,10,UPI,200,16206.13
1424,2024-09-09,71,Amit,South,Jaipur,Books,Comics,Story Book,5,19230,0,NetBanking,430,11761.33
1425,2025-05-03,176,Rahul,West,Hyderabad,Furniture,Table,Dell Laptop,3,19291,20,UPI,461,8483.68
1426,2024-07-05,7,Priya,South,Bangalore,Furniture,Chair,Story Book,3,2833,10,NetBanking,470,886
1427,2024-04-16,75,Ankit,West,Chennai,Grocery,Oil,Samsung TV,4,16363,10,UPI,73,9668.89
1428,2025-02-04,161,Vikas,South,Mumbai,Grocery,Snacks,Study Table,4,62969,0,NetBanking,333,26931.1
1429,2024-06-22,184,Kiran,South,Hyderabad,Furniture,Chair,iPhone,1,52379,10,NetBanking,114,9640.11
1430,2024-12-27,16,Rohit,South,Delhi,Books,Comics,Story Book,1,69380,0,NetBanking,260,6075.15
1431,2024-10-10,197,Rahul,West,Chennai,Clothing,Jacket,Polo Tshirt,1,58173,15,Card,506,5363.6
1432,2024-01-18,101,Kiran,North,Kolkata,Furniture,Sofa,Story Book,4,10023,15,NetBanking,594,3625.65
1433,2024-07-30,53,Kiran,South,Bangalore,Clothing,Shirt,iPhone,3,29102,0,COD,224,10801.08
1434,2025-03-19,3,Priya,South,Mumbai,Grocery,Snacks,Wooden Bed,3,709,5,COD,463,370.05
1435,2025-03-18,191,Rahul,West,Chennai,Electronics,TV,Rice Pack,3,56070,0,UPI,465,34784.87
1436,2024-11-17,3,Rohit,South,Kolkata,Clothing,Shirt,Story Book,1,52906,15,UPI,691,6543.38
1437,2024-05-29,51,Rahul,North,Kolkata,Grocery,Snacks,Rice Pack,5,8224,5,NetBanking,513,8654.62
1438,2025-02-01,10,Amit,West,Hyderabad,Books,Magazine,Rice Pack,1,10133,0,NetBanking,295,2430.2
1439,2024-10-09,47,Kiran,East,Delhi,Grocery,Snacks,Wooden Bed,2,63290,15,COD,188,15889.21
1440,2024-09-19,78,Kiran,South,Chennai,Books,Magazine,Study Table,3,39692,0,COD,436,16310.46
1441,2024-11-20,112,Amit,North,Mumbai,Clothing,Jacket,Polo Tshirt,4,6840,15,Card,557,2318.78
1442,2025-02-14,130,Ravi,East,Kolkata,Grocery,Fruits,Study Table,3,42624,15,NetBanking,644,17001.75
1443,2025-04-11,31,Rohit,East,Bangalore,Grocery,Oil,Jeans Pant,3,5525,20,UPI,569,1883.92
1444,2024-06-15,79,Rohit,North,Delhi,Grocery,Rice,Rice Pack,2,26491,10,UPI,503,8058.27
1445,2024-09-29,112,Pooja,North,Mumbai,Books,Magazine,Story Book,3,18328,5,Card,74,8716.69
1446,2024-09-26,142,Nisha,South,Kolkata,Clothing,Tshirt,iPhone,5,46041,10,COD,506,17491.18
1447,2025-02-07,13,Suman,North,Bangalore,Grocery,Fruits,Jeans Pant,5,2811,20,COD,503,2383.35
1448,2024-06-16,42,Rahul,North,Mumbai,Furniture,Chair,Samsung TV,4,9832,5,NetBanking,521,8360.24
1449,2024-03-17,137,Vikas,West,Mumbai,Clothing,Shirt,Polo Tshirt,1,56352,0,Card,197,12693.29
1450,2025-02-21,178,Ankit,West,Jaipur,Grocery,Oil,Wooden Bed,1,11915,0,COD,503,2304.2